File,a1,a2,a3,λ1,λ2,λ3,θ_deg
data/Set A - 0 hr.csv,0.4856327762659283,0.4856327762659283,0.02873444746814328,0.01081052790370281,0.01081052790370281,5.015903965239844e46,85.2757089798888
data/Set A - 1 hr.csv,0.4856327762659283,0.4856327762659283,0.02873444746814328,0.01081052790370281,0.01081052790370281,5.015903965239844e46,87.0847598454038
data/Set A - 12 hr.csv,0.4856327762659283,0.4856327762659283,0.02873444746814328,0.01081052790370281,0.01081052790370281,5.015903965239844e46,88.4899054062825
data/Set A - 24 hr.csv,0.4856327762659283,0.4856327762659283,0.02873444746814328,0.01081052790370281,0.01081052790370281,5.015903965239844e46,88.8772828384747
data/Set A - 48 hr.csv,0.4856327762659283,0.4856327762659283,0.02873444746814328,0.01081052790370281,0.01081052790370281,5.015903965239844e46,89.06126210291863
data/Set A - 6 hr.csv,0.4856327762659283,0.4856327762659283,0.02873444746814328,0.01081052790370281,0.01081052790370281,5.015903965239844e46,88.10685847836123
