File,a1,a2,a3,λ1,λ2,λ3,θ_deg
data/Set D - 1 hr.csv,0.5191228464474726,0.28140939252325364,0.6199041006932845,0.02765703579908689,0.0002708603692685885,0.00027083107084461877,25.272969998364726
data/Set D - 12 hr.csv,0.5191228464474726,0.28140939252325364,0.6199041006932845,0.02765703579908689,0.0002708603692685885,0.00027083107084461877,42.6339587159815
data/Set D - 24 hr.csv,0.5191228464474726,0.28140939252325364,0.6199041006932845,0.02765703579908689,0.0002708603692685885,0.00027083107084461877,42.93045364670671
data/Set D - 48 hr.csv,0.5191228464474726,0.28140939252325364,0.6199041006932845,0.02765703579908689,0.0002708603692685885,0.00027083107084461877,8.346477695317812
data/Set D - 6 hr.csv,0.5191228464474726,0.28140939252325364,0.6199041006932845,0.02765703579908689,0.0002708603692685885,0.00027083107084461877,43.775936131914946
