File,a1,a2,a3,λ1,λ2,λ3,θ_deg
data/Set D - 1 hr.csv,0.44792326367176555,0.44792326367176555,0.10415347265646896,0.009884731881066486,0.009884731881066486,0.3109652493705294,88.58848174589279
data/Set D - 12 hr.csv,0.44792326367176555,0.44792326367176555,0.10415347265646896,0.009884731881066486,0.009884731881066486,0.3109652493705294,88.85262336356048
data/Set D - 24 hr.csv,0.44792326367176555,0.44792326367176555,0.10415347265646896,0.009884731881066486,0.009884731881066486,0.3109652493705294,88.85795149379942
data/Set D - 48 hr.csv,0.44792326367176555,0.44792326367176555,0.10415347265646896,0.009884731881066486,0.009884731881066486,0.3109652493705294,88.4604701539608
data/Set D - 6 hr.csv,0.44792326367176555,0.44792326367176555,0.10415347265646896,0.009884731881066486,0.009884731881066486,0.3109652493705294,88.8755519201276
