File,a1,a2,a3,λ1,λ2,λ3,θ_deg
data/Set B - 0 hr.csv,0.03856619603791771,0.6823376473293123,0.34666344590673737,2.1622642620622066,0.0007182200188975969,0.0007182722778370028,0.12667455544411751
data/Set B - 1 hr.csv,0.03856619603791771,0.6823376473293123,0.34666344590673737,2.1622642620622066,0.0007182200188975969,0.0007182722778370028,61.474477516768786
data/Set B - 12 hr.csv,0.03856619603791771,0.6823376473293123,0.34666344590673737,2.1622642620622066,0.0007182200188975969,0.0007182722778370028,75.83641522877548
data/Set B - 24 hr.csv,0.03856619603791771,0.6823376473293123,0.34666344590673737,2.1622642620622066,0.0007182200188975969,0.0007182722778370028,76.26520058976521
data/Set B - 48 hr.csv,0.03856619603791771,0.6823376473293123,0.34666344590673737,2.1622642620622066,0.0007182200188975969,0.0007182722778370028,79.89016642945349
data/Set B - 6 hr.csv,0.03856619603791771,0.6823376473293123,0.34666344590673737,2.1622642620622066,0.0007182200188975969,0.0007182722778370028,69.6759594174364
