File,a1,a2,a3,λ1,λ2,λ3,θ_deg,OptimizationMethod,ExecutionTime
data/synthetic Set E - No1.csv,0.00013761879895066026,0.9458370106817413,0.05402537051930813,0.45613125293436874,0.003952357134637718,0.12134640561875287,5.312891035244695,Fminbox(NelderMead()),00:00:26
data/synthetic Set E - No2.csv,0.00013761879895066026,0.9458370106817413,0.05402537051930813,0.45613125293436874,0.003952357134637718,0.12134640561875287,26.805113774561644,Fminbox(NelderMead()),00:00:26
data/synthetic Set E - No3.csv,0.00013761879895066026,0.9458370106817413,0.05402537051930813,0.45613125293436874,0.003952357134637718,0.12134640561875287,40.97945775357609,Fminbox(NelderMead()),00:00:26
data/synthetic Set E - No4.csv,0.00013761879895066026,0.9458370106817413,0.05402537051930813,0.45613125293436874,0.003952357134637718,0.12134640561875287,59.88223293274024,Fminbox(NelderMead()),00:00:26
data/synthetic Set E - No5.csv,0.00013761879895066026,0.9458370106817413,0.05402537051930813,0.45613125293436874,0.003952357134637718,0.12134640561875287,79.10858447713447,Fminbox(NelderMead()),00:00:26
