File,a1,a2,a3,λ1,λ2,λ3,θ_deg
data/Set D - 1 hr.csv,0.10416259121936954,0.41152623824561485,0.4843111705350157,0.012794733720176522,0.000406702125999417,0.0004068245957844583,23.539818047072703
data/Set D - 12 hr.csv,0.10416259121936954,0.41152623824561485,0.4843111705350157,0.012794733720176522,0.000406702125999417,0.0004068245957844583,41.816553342130106
data/Set D - 24 hr.csv,0.10416259121936954,0.41152623824561485,0.4843111705350157,0.012794733720176522,0.000406702125999417,0.0004068245957844583,42.115392490712466
data/Set D - 48 hr.csv,0.10416259121936954,0.41152623824561485,0.4843111705350157,0.012794733720176522,0.000406702125999417,0.0004068245957844583,0.5610171617296581
data/Set D - 6 hr.csv,0.10416259121936954,0.41152623824561485,0.4843111705350157,0.012794733720176522,0.000406702125999417,0.0004068245957844583,43.08352461026152
