File,a1,a2,a3,λ1,λ2,λ3,θ_deg
data/Set B - 0 hr.csv,0.3333333333333333,0.3333333333333333,0.3333333333333333,0.008333592287959683,0.008333592287959683,0.008333592288186966,85.30012483341608
data/Set B - 1 hr.csv,0.3333333333333333,0.3333333333333333,0.3333333333333333,0.008333592287959683,0.008333592287959683,0.008333592288186966,87.74044152757762
data/Set B - 12 hr.csv,0.3333333333333333,0.3333333333333333,0.3333333333333333,0.008333592287959683,0.008333592287959683,0.008333592288186966,88.83760595407308
data/Set B - 24 hr.csv,0.3333333333333333,0.3333333333333333,0.3333333333333333,0.008333592287959683,0.008333592287959683,0.008333592288186966,88.86573549136926
data/Set B - 48 hr.csv,0.3333333333333333,0.3333333333333333,0.3333333333333333,0.008333592287959683,0.008333592287959683,0.008333592288186966,89.16930162520872
data/Set B - 6 hr.csv,0.3333333333333333,0.3333333333333333,0.3333333333333333,0.008333592287959683,0.008333592287959683,0.008333592288186966,88.35660335337538
