File,a1,a2,a3,λ1,λ2,λ3,θ_deg
data/Set C - 1 hr.csv,0.45942273366209946,0.45942273366209946,0.0811545326758011,0.021185919108864935,0.021185919108864935,0.0010463938780761175,88.76307766567582
data/Set C - 12 hr.csv,0.45942273366209946,0.45942273366209946,0.0811545326758011,0.021185919108864935,0.021185919108864935,0.0010463938780761175,87.36927678530178
data/Set C - 24 hr.csv,0.45942273366209946,0.45942273366209946,0.0811545326758011,0.021185919108864935,0.021185919108864935,0.0010463938780761175,77.39114587085416
data/Set C - 48 hr.csv,0.45942273366209946,0.45942273366209946,0.0811545326758011,0.021185919108864935,0.021185919108864935,0.0010463938780761175,80.95970415272483
data/Set C - 6 hr.csv,0.45942273366209946,0.45942273366209946,0.0811545326758011,0.021185919108864935,0.021185919108864935,0.0010463938780761175,89.16562869709502
