File,a1,a2,a3,λ1,λ2,λ3,θ_deg
data/Set C - 1 hr.csv,0.07334036066472378,0.86969697946745,0.05696265986782635,7.489283573574957,0.005986810179124044,0.00022578050069933648,84.26052026143802
data/Set C - 12 hr.csv,0.07334036066472378,0.86969697946745,0.05696265986782635,7.489283573574957,0.005986810179124044,0.00022578050069933648,78.10309959765341
data/Set C - 24 hr.csv,0.07334036066472378,0.86969697946745,0.05696265986782635,7.489283573574957,0.005986810179124044,0.00022578050069933648,5.019818855287046
data/Set C - 48 hr.csv,0.07334036066472378,0.86969697946745,0.05696265986782635,7.489283573574957,0.005986810179124044,0.00022578050069933648,44.85251476388511
data/Set C - 6 hr.csv,0.07334036066472378,0.86969697946745,0.05696265986782635,7.489283573574957,0.005986810179124044,0.00022578050069933648,86.093897748404
