File,a1,a2,a3,λ1,λ2,λ3,θ_deg
data/Set A - 0 hr.csv,0.36692085443383615,7797.25352573895,0.6043481652251398,0.0008956395866048392,116332.21251594869,0.0008956787662871289,6.224544833071596
data/Set A - 1 hr.csv,0.36692085443383615,7797.25352573895,0.6043481652251398,0.0008956395866048392,116332.21251594869,0.0008956787662871289,52.130956943890496
data/Set A - 12 hr.csv,0.36692085443383615,7797.25352573895,0.6043481652251398,0.0008956395866048392,116332.21251594869,0.0008956787662871289,71.45224558802983
data/Set A - 24 hr.csv,0.36692085443383615,7797.25352573895,0.6043481652251398,0.0008956395866048392,116332.21251594869,0.0008956787662871289,76.32074697302697
data/Set A - 48 hr.csv,0.36692085443383615,7797.25352573895,0.6043481652251398,0.0008956395866048392,116332.21251594869,0.0008956787662871289,78.59503019714644
data/Set A - 6 hr.csv,0.36692085443383615,7797.25352573895,0.6043481652251398,0.0008956395866048392,116332.21251594869,0.0008956787662871289,66.50120385458095
