File,a1,a2,a3,λ1,λ2,λ3,θ_deg
data/Set A - 0 hr.csv,0.9706855079723594,0.00011220356419976614,0.02920228846344084,0.0008706534248148327,1.4605092528412348e23,1.0301058208193877e30,0.055493273008383255
data/Set A - 1 hr.csv,0.9706855079723594,0.00011220356419976614,0.02920228846344084,0.0008706534248148327,1.4605092528412348e23,1.0301058208193877e30,50.88345788463088
data/Set A - 12 hr.csv,0.9706855079723594,0.00011220356419976614,0.02920228846344084,0.0008706534248148327,1.4605092528412348e23,1.0301058208193877e30,70.87296781796418
data/Set A - 24 hr.csv,0.9706855079723594,0.00011220356419976614,0.02920228846344084,0.0008706534248148327,1.4605092528412348e23,1.0301058208193877e30,75.91585979429374
data/Set A - 48 hr.csv,0.9706855079723594,0.00011220356419976614,0.02920228846344084,0.0008706534248148327,1.4605092528412348e23,1.0301058208193877e30,78.2637749854015
data/Set A - 6 hr.csv,0.9706855079723594,0.00011220356419976614,0.02920228846344084,0.0008706534248148327,1.4605092528412348e23,1.0301058208193877e30,65.72123868991497
